{
    "metrics": {
        "data_sent": {
            "count": 0,
            "rate": 0
        },
        "data_received": {
            "count": 0,
            "rate": 0
        },
        "iteration_duration": {
            "min": 0.608,
            "med": 3.74055,
            "max": 5.0883,
            "p(90)": 5.0433900000000005,
            "p(95)": 5.065845,
            "avg": 2.98963
        },
        "iterations": {
            "count": 10,
            "rate": 996.3930571331779
        }
    },
    "root_group": {
        "path": "",
        "id": "d41d8cd98f00b204e9800998ecf8427e",
        "groups": {},
        "checks": {},
        "name": ""
    }
}