{
    "metrics": {
        "data_sent": {
            "count": 3650,
            "rate": 3430.8870826443363
        },
        "checks": {
            "passes": 2,
            "fails": 24,
            "value": 0.07692307692307693
        },
        "http_reqs": {
            "count": 2,
            "rate": 1.8799381274763487
        },
        "vus": {
            "value": 2,
            "min": 2,
            "max": 2
        },
        "http_req_duration": {
            "p(95)": 46.1029,
            "avg": 46.1029,
            "min": 46.1029,
            "med": 46.1029,
            "max": 46.1029,
            "p(90)": 46.1029
        },
        "http_req_duration{expected_response:true}": {
            "max": 46.1029,
            "p(90)": 46.1029,
            "p(95)": 46.1029,
            "avg": 46.1029,
            "min": 46.1029,
            "med": 46.1029
        },
        "http_req_waiting": {
            "max": 46.1029,
            "p(90)": 46.1029,
            "p(95)": 46.1029,
            "avg": 46.1029,
            "min": 46.1029,
            "med": 46.1029
        },
        "http_req_sending": {
            "avg": 0,
            "min": 0,
            "med": 0,
            "max": 0,
            "p(90)": 0,
            "p(95)": 0
        },
        "http_req_tls_handshaking": {
            "max": 6.0056,
            "p(90)": 6.0056,
            "p(95)": 6.0056,
            "avg": 6.0056,
            "min": 6.0056,
            "med": 6.0056
        },
        "http_req_failed": {
            "passes": 0,
            "fails": 2,
            "value": 0
        },
        "http_req_receiving": {
            "p(90)": 0,
            "p(95)": 0,
            "avg": 0,
            "min": 0,
            "med": 0,
            "max": 0
        },
        "vus_max": {
            "value": 2,
            "min": 2,
            "max": 2
        },
        "data_received": {
            "count": 5664,
            "rate": 5323.984777013019
        },
        "http_req_blocked": {
            "p(95)": 16.0041,
            "avg": 16.0041,
            "min": 16.0041,
            "med": 16.0041,
            "max": 16.0041,
            "p(90)": 16.0041
        },
        "iteration_duration": {
            "med": 1063.5081500000001,
            "max": 1063.8461,
            "p(90)": 1063.77851,
            "p(95)": 1063.812305,
            "avg": 1063.5081500000001,
            "min": 1063.1702
        },
        "iterations": {
            "count": 2,
            "rate": 1.8799381274763487
        },
        "http_req_connecting": {
            "med": 3.9922,
            "max": 3.9922,
            "p(90)": 3.9922,
            "p(95)": 3.9922,
            "avg": 3.9922,
            "min": 3.9922
        }
    },
    "root_group": {
        "name": "",
        "path": "",
        "id": "d41d8cd98f00b204e9800998ecf8427e",
        "groups": {},
        "checks": {
                "200 OK": {
                    "passes": 0,
                    "fails": 2,
                    "name": "200 OK",
                    "path": "::200 OK",
                    "id": "e9654c443eff553da9e69eda7007924e"
                },
                "201 Created": {
                    "name": "201 Created",
                    "path": "::201 Created",
                    "id": "728dcd977aae263ca314731145e1d447",
                    "passes": 0,
                    "fails": 2
                },
                "204 No Content": {
                    "name": "204 No Content",
                    "path": "::204 No Content",
                    "id": "54fa3c2eda34e1622fda2da5e0479fc5",
                    "passes": 2,
                    "fails": 0
                },
                "400 Bad Request": {
                    "name": "400 Bad Request",
                    "path": "::400 Bad Request",
                    "id": "eeae81934b9b58bccaf0184a6d070338",
                    "passes": 0,
                    "fails": 2
                },
                "401 Unauthorized": {
                    "name": "401 Unauthorized",
                    "path": "::401 Unauthorized",
                    "id": "6ae9254e6aefe7f0bafe5102fa7e20a5",
                    "passes": 0,
                    "fails": 2
                },
                "403 Forbidden": {
                    "name": "403 Forbidden",
                    "path": "::403 Forbidden",
                    "id": "655548b761742c5a7ad15aa7df3a5d9c",
                    "passes": 0,
                    "fails": 2
                },
                "404 Not Found": {
                    "name": "404 Not Found",
                    "path": "::404 Not Found",
                    "id": "df1528f9925ca236bac51008f77b774a",
                    "passes": 0,
                    "fails": 2
                },
                "422 Unprocessable Content": {
                    "passes": 0,
                    "fails": 2,
                    "name": "422 Unprocessable Content",
                    "path": "::422 Unprocessable Content",
                    "id": "d94c37ab64a32602add978a71bd22822"
                },
                "429 Too Many Requests": {
                    "passes": 0,
                    "fails": 2,
                    "name": "429 Too Many Requests",
                    "path": "::429 Too Many Requests",
                    "id": "b810c35b9499cc7342fd415032e3a6aa"
                },
                "500 Internal Server Error": {
                    "path": "::500 Internal Server Error",
                    "id": "3cd96245b24e869810efe46d533b0eef",
                    "passes": 0,
                    "fails": 2,
                    "name": "500 Internal Server Error"
                },
                "502 Bad Gateway": {
                    "name": "502 Bad Gateway",
                    "path": "::502 Bad Gateway",
                    "id": "712cb0ec189a11f31f0d6d0c0031b569",
                    "passes": 0,
                    "fails": 2
                },
                "503 Service Unavailable": {
                    "name": "503 Service Unavailable",
                    "path": "::503 Service Unavailable",
                    "id": "f1ea1a22be0dc738c385523a66ea1cd9",
                    "passes": 0,
                    "fails": 2
                },
                "504 Gateway Timeout": {
                    "path": "::504 Gateway Timeout",
                    "id": "218efb729cb654723ccd57c6ebbebe29",
                    "passes": 0,
                    "fails": 2,
                    "name": "504 Gateway Timeout"
                }
            }
    }
}