{
    "metrics": {
        "http_req_connecting": {
            "med": 3.4416,
            "max": 4.034,
            "p(90)": 3.79704,
            "p(95)": 3.91552,
            "avg": 3.56008,
            "min": 3.4416
        },
        "http_reqs": {
            "count": 5,
            "rate": 4.398914699765274
        },
        "data_received": {
            "count": 16997,
            "rate": 14953.670630382072
        },
        "http_req_waiting": {
            "p(90)": 107.37952,
            "p(95)": 112.54316,
            "avg": 77.83148,
            "min": 50.4045,
            "med": 78.7388,
            "max": 117.7068
        },
        "vus_max": {
            "value": 5,
            "min": 5,
            "max": 5
        },
        "iterations": {
            "count": 5,
            "rate": 4.398914699765274
        },
        "http_req_duration": {
            "p(90)": 108.00312,
            "p(95)": 112.87536,
            "avg": 78.46261999999999,
            "min": 50.4187,
            "med": 79.8044,
            "max": 117.7476
        },
        "http_req_duration{expected_response:true}": {
            "min": 50.4187,
            "med": 72.1712,
            "max": 117.7476,
            "p(90)": 110.43924000000001,
            "p(95)": 114.09342,
            "avg": 78.127175
        },
        "checks": {
            "passes": 5,
            "fails": 60,
            "value": 0.07692307692307693
        },
        "data_sent": {
            "count": 13735,
            "rate": 12083.818680255208
        },
        "http_req_blocked": {
            "avg": 15.35462,
            "min": 14.7356,
            "med": 14.7764,
            "max": 16.7184,
            "p(90)": 16.35288,
            "p(95)": 16.53564
        },
        "http_req_failed": {
            "passes": 1,
            "fails": 4,
            "value": 0.2
        },
        "http_req_receiving": {
            "med": 0,
            "max": 0.9463,
            "p(90)": 0.77342,
            "p(95)": 0.85986,
            "avg": 0.29208,
            "min": 0
        },
        "vus": {
            "value": 5,
            "min": 5,
            "max": 5
        },
        "http_req_tls_handshaking": {
            "med": 5.3208,
            "max": 5.8315,
            "p(90)": 5.62722,
            "p(95)": 5.72936,
            "avg": 5.304460000000001,
            "min": 4.7284
        },
        "http_req_sending": {
            "max": 0.5515,
            "p(90)": 0.5515,
            "p(95)": 0.5515,
            "avg": 0.33906000000000003,
            "min": 0,
            "med": 0.5515
        },
        "iteration_duration": {
            "max": 1136.6241,
            "p(90)": 1126.78186,
            "p(95)": 1131.70298,
            "avg": 1097.14698,
            "min": 1067.3415,
            "med": 1100.0212
        }
    },
    "root_group": {
        "name": "",
        "path": "",
        "id": "d41d8cd98f00b204e9800998ecf8427e",
        "groups": {},
        "checks": {
                "200 OK": {
                    "passes": 0,
                    "fails": 5,
                    "name": "200 OK",
                    "path": "::200 OK",
                    "id": "e9654c443eff553da9e69eda7007924e"
                },
                "201 Created": {
                    "name": "201 Created",
                    "path": "::201 Created",
                    "id": "728dcd977aae263ca314731145e1d447",
                    "passes": 4,
                    "fails": 1
                },
                "204 No Content": {
                    "name": "204 No Content",
                    "path": "::204 No Content",
                    "id": "54fa3c2eda34e1622fda2da5e0479fc5",
                    "passes": 0,
                    "fails": 5
                },
                "400 Bad Request": {
                    "fails": 5,
                    "name": "400 Bad Request",
                    "path": "::400 Bad Request",
                    "id": "eeae81934b9b58bccaf0184a6d070338",
                    "passes": 0
                },
                "401 Unauthorized": {
                    "path": "::401 Unauthorized",
                    "id": "6ae9254e6aefe7f0bafe5102fa7e20a5",
                    "passes": 0,
                    "fails": 5,
                    "name": "401 Unauthorized"
                },
                "403 Forbidden": {
                    "name": "403 Forbidden",
                    "path": "::403 Forbidden",
                    "id": "655548b761742c5a7ad15aa7df3a5d9c",
                    "passes": 0,
                    "fails": 5
                },
                "404 Not Found": {
                    "path": "::404 Not Found",
                    "id": "df1528f9925ca236bac51008f77b774a",
                    "passes": 0,
                    "fails": 5,
                    "name": "404 Not Found"
                },
                "422 Unprocessable Content": {
                    "path": "::422 Unprocessable Content",
                    "id": "d94c37ab64a32602add978a71bd22822",
                    "passes": 1,
                    "fails": 4,
                    "name": "422 Unprocessable Content"
                },
                "429 Too Many Requests": {
                    "id": "b810c35b9499cc7342fd415032e3a6aa",
                    "passes": 0,
                    "fails": 5,
                    "name": "429 Too Many Requests",
                    "path": "::429 Too Many Requests"
                },
                "500 Internal Server Error": {
                    "passes": 0,
                    "fails": 5,
                    "name": "500 Internal Server Error",
                    "path": "::500 Internal Server Error",
                    "id": "3cd96245b24e869810efe46d533b0eef"
                },
                "502 Bad Gateway": {
                    "fails": 5,
                    "name": "502 Bad Gateway",
                    "path": "::502 Bad Gateway",
                    "id": "712cb0ec189a11f31f0d6d0c0031b569",
                    "passes": 0
                },
                "503 Service Unavailable": {
                    "passes": 0,
                    "fails": 5,
                    "name": "503 Service Unavailable",
                    "path": "::503 Service Unavailable",
                    "id": "f1ea1a22be0dc738c385523a66ea1cd9"
                },
                "504 Gateway Timeout": {
                    "fails": 5,
                    "name": "504 Gateway Timeout",
                    "path": "::504 Gateway Timeout",
                    "id": "218efb729cb654723ccd57c6ebbebe29",
                    "passes": 0
                }
            }
    }
}