{
    "metrics": {
        "http_req_duration": {
            "avg": 93.6495690909091,
            "min": 29.0894,
            "med": 39.9447,
            "max": 445.954,
            "p(90)": 296.01452,
            "p(95)": 346.40828999999997
        },
        "data_sent": {
            "rate": 3311.054702515593,
            "count": 23702
        },
        "http_req_connecting": {
            "avg": 0.5612254545454546,
            "min": 0,
            "med": 0,
            "max": 3.2752,
            "p(90)": 2.9909,
            "p(95)": 3.1513299999999997
        },
        "http_req_tls_handshaking": {
            "avg": 0.9683327272727273,
            "min": 0,
            "med": 0,
            "max": 7.4772,
            "p(90)": 4.8316,
            "p(95)": 5.8413
        },
        "iteration_duration": {
            "avg": 7056.13948,
            "min": 6979.616,
            "med": 7004.642,
            "max": 7158.4117,
            "p(90)": 7158.4117,
            "p(95)": 7158.4117
        },
        "http_req_blocked": {
            "avg": 2.1767800000000004,
            "min": 0,
            "med": 0,
            "max": 17.4783,
            "p(90)": 8.667380000000001,
            "p(95)": 15.8424
        },
        "data_received": {
            "count": 3427440,
            "rate": 478796.78211079416
        },
        "http_reqs": {
            "count": 55,
            "rate": 7.683233846863455
        },
        "vus_max": {
            "value": 5,
            "min": 5,
            "max": 5
        },
        "http_req_duration{expected_response:true}": {
            "med": 39.9447,
            "max": 445.954,
            "p(90)": 296.01452,
            "p(95)": 346.40828999999997,
            "avg": 93.6495690909091,
            "min": 29.0894
        },
        "http_req_waiting": {
            "max": 431.8033,
            "p(90)": 280.73924000000005,
            "p(95)": 346.02594999999997,
            "avg": 91.99652909090908,
            "min": 28.7314,
            "med": 39.9447
        },
        "checks": {
            "passes": 55,
            "fails": 660,
            "value": 0.07692307692307693
        },
        "http_req_sending": {
            "avg": 0.06479818181818181,
            "min": 0,
            "med": 0,
            "max": 0.5494,
            "p(90)": 0.27482000000000006,
            "p(95)": 0.5298499999999999
        },
        "http_req_failed": {
            "passes": 0,
            "fails": 55,
            "value": 0
        },
        "iterations": {
            "count": 5,
            "rate": 0.6984758042603141
        },
        "http_req_receiving": {
            "p(90)": 4.032140000000001,
            "p(95)": 14.17806,
            "avg": 1.5882418181818183,
            "min": 0,
            "med": 0,
            "max": 15.9642
        },
        "vus": {
            "min": 3,
            "max": 5,
            "value": 3
        }
    },
    "root_group": {
        "path": "",
        "id": "d41d8cd98f00b204e9800998ecf8427e",
        "groups": {},
        "checks": {
                "200 OK": {
                    "id": "e9654c443eff553da9e69eda7007924e",
                    "passes": 50,
                    "fails": 5,
                    "name": "200 OK",
                    "path": "::200 OK"
                },
                "201 Created": {
                    "name": "201 Created",
                    "path": "::201 Created",
                    "id": "728dcd977aae263ca314731145e1d447",
                    "passes": 0,
                    "fails": 55
                },
                "204 No Content": {
                    "path": "::204 No Content",
                    "id": "54fa3c2eda34e1622fda2da5e0479fc5",
                    "passes": 5,
                    "fails": 50,
                    "name": "204 No Content"
                },
                "400 Bad Request": {
                    "path": "::400 Bad Request",
                    "id": "eeae81934b9b58bccaf0184a6d070338",
                    "passes": 0,
                    "fails": 55,
                    "name": "400 Bad Request"
                },
                "401 Unauthorized": {
                    "passes": 0,
                    "fails": 55,
                    "name": "401 Unauthorized",
                    "path": "::401 Unauthorized",
                    "id": "6ae9254e6aefe7f0bafe5102fa7e20a5"
                },
                "403 Forbidden": {
                    "name": "403 Forbidden",
                    "path": "::403 Forbidden",
                    "id": "655548b761742c5a7ad15aa7df3a5d9c",
                    "passes": 0,
                    "fails": 55
                },
                "404 Not Found": {
                    "name": "404 Not Found",
                    "path": "::404 Not Found",
                    "id": "df1528f9925ca236bac51008f77b774a",
                    "passes": 0,
                    "fails": 55
                },
                "422 Unprocessable Content": {
                    "path": "::422 Unprocessable Content",
                    "id": "d94c37ab64a32602add978a71bd22822",
                    "passes": 0,
                    "fails": 55,
                    "name": "422 Unprocessable Content"
                },
                "429 Too Many Requests": {
                    "fails": 55,
                    "name": "429 Too Many Requests",
                    "path": "::429 Too Many Requests",
                    "id": "b810c35b9499cc7342fd415032e3a6aa",
                    "passes": 0
                },
                "500 Internal Server Error": {
                    "passes": 0,
                    "fails": 55,
                    "name": "500 Internal Server Error",
                    "path": "::500 Internal Server Error",
                    "id": "3cd96245b24e869810efe46d533b0eef"
                },
                "502 Bad Gateway": {
                    "passes": 0,
                    "fails": 55,
                    "name": "502 Bad Gateway",
                    "path": "::502 Bad Gateway",
                    "id": "712cb0ec189a11f31f0d6d0c0031b569"
                },
                "503 Service Unavailable": {
                    "id": "f1ea1a22be0dc738c385523a66ea1cd9",
                    "passes": 0,
                    "fails": 55,
                    "name": "503 Service Unavailable",
                    "path": "::503 Service Unavailable"
                },
                "504 Gateway Timeout": {
                    "fails": 55,
                    "name": "504 Gateway Timeout",
                    "path": "::504 Gateway Timeout",
                    "id": "218efb729cb654723ccd57c6ebbebe29",
                    "passes": 0
                }
            },
        "name": ""
    }
}