{
    "metrics": {
        "http_req_connecting": {
            "avg": 0.007267733411626541,
            "min": 0,
            "med": 0,
            "max": 3.7901,
            "p(90)": 0,
            "p(95)": 0
        },
        "iterations": {
            "count": 1253,
            "rate": 2.077572169126422
        },
        "dropped_iterations": {
            "count": 3247,
            "rate": 5.383780393578206
        },
        "http_req_duration{expected_response:true}": {
            "p(95)": 428.81624999999997,
            "avg": 121.60610911502468,
            "min": 24.7757,
            "med": 63.5523,
            "max": 886.9341,
            "p(90)": 318.9239
        },
        "http_req_waiting": {
            "p(90)": 314.71839,
            "p(95)": 422.34521499999994,
            "avg": 119.76908690546092,
            "min": 24.7757,
            "med": 62.97815,
            "max": 886.9341
        },
        "data_sent": {
            "count": 2947758,
            "rate": 4887.613712785126
        },
        "http_req_receiving": {
            "med": 0,
            "max": 30.6326,
            "p(90)": 3.1197700000000017,
            "p(95)": 14.724824999999996,
            "avg": 1.580897431004106,
            "min": 0
        },
        "checks": {
            "passes": 13624,
            "fails": 163488,
            "value": 0.07692307692307693
        },
        "vus": {
            "value": 1,
            "min": 1,
            "max": 15
        },
        "iteration_duration": {
            "p(95)": 7778.39018,
            "avg": 7197.476704150026,
            "min": 3688.7601,
            "med": 7374.116,
            "max": 8244.7075,
            "p(90)": 7692.05954
        },
        "http_req_duration": {
            "avg": 121.39339177187313,
            "min": 24.7757,
            "med": 63.3981,
            "max": 886.9341,
            "p(90)": 318.54453,
            "p(95)": 428.4343849999996
        },
        "http_req_blocked": {
            "min": 0,
            "med": 0,
            "max": 91.9743,
            "p(90)": 0,
            "p(95)": 0,
            "avg": 0.11232880211391662
        },
        "http_req_tls_handshaking": {
            "p(95)": 0,
            "avg": 0.012562441280093952,
            "min": 0,
            "med": 0,
            "max": 7.3265,
            "p(90)": 0
        },
        "http_reqs": {
            "rate": 22.58965940317508,
            "count": 13624
        },
        "http_req_failed": {
            "passes": 53,
            "fails": 13571,
            "value": 0.003890193775689959
        },
        "vus_max": {
            "value": 15,
            "min": 15,
            "max": 15
        },
        "http_req_sending": {
            "min": 0,
            "med": 0,
            "max": 2.0136,
            "p(90)": 0.19967000000000007,
            "p(95)": 0.26348499999999986,
            "avg": 0.04340743540810341
        },
        "data_received": {
            "count": 853193759,
            "rate": 1414662.0978218322
        }
    },
    "root_group": {
        "name": "",
        "path": "",
        "id": "d41d8cd98f00b204e9800998ecf8427e",
        "groups": {},
        "checks": {
                "200 OK": {
                    "name": "200 OK",
                    "path": "::200 OK",
                    "id": "e9654c443eff553da9e69eda7007924e",
                    "passes": 12371,
                    "fails": 1253
                },
                "201 Created": {
                    "passes": 0,
                    "fails": 13624,
                    "name": "201 Created",
                    "path": "::201 Created",
                    "id": "728dcd977aae263ca314731145e1d447"
                },
                "204 No Content": {
                    "name": "204 No Content",
                    "path": "::204 No Content",
                    "id": "54fa3c2eda34e1622fda2da5e0479fc5",
                    "passes": 1200,
                    "fails": 12424
                },
                "400 Bad Request": {
                    "passes": 0,
                    "fails": 13624,
                    "name": "400 Bad Request",
                    "path": "::400 Bad Request",
                    "id": "eeae81934b9b58bccaf0184a6d070338"
                },
                "401 Unauthorized": {
                    "name": "401 Unauthorized",
                    "path": "::401 Unauthorized",
                    "id": "6ae9254e6aefe7f0bafe5102fa7e20a5",
                    "passes": 0,
                    "fails": 13624
                },
                "403 Forbidden": {
                    "path": "::403 Forbidden",
                    "id": "655548b761742c5a7ad15aa7df3a5d9c",
                    "passes": 0,
                    "fails": 13624,
                    "name": "403 Forbidden"
                },
                "404 Not Found": {
                    "path": "::404 Not Found",
                    "id": "df1528f9925ca236bac51008f77b774a",
                    "passes": 0,
                    "fails": 13624,
                    "name": "404 Not Found"
                },
                "422 Unprocessable Content": {
                    "name": "422 Unprocessable Content",
                    "path": "::422 Unprocessable Content",
                    "id": "d94c37ab64a32602add978a71bd22822",
                    "passes": 53,
                    "fails": 13571
                },
                "429 Too Many Requests": {
                    "name": "429 Too Many Requests",
                    "path": "::429 Too Many Requests",
                    "id": "b810c35b9499cc7342fd415032e3a6aa",
                    "passes": 0,
                    "fails": 13624
                },
                "500 Internal Server Error": {
                    "name": "500 Internal Server Error",
                    "path": "::500 Internal Server Error",
                    "id": "3cd96245b24e869810efe46d533b0eef",
                    "passes": 0,
                    "fails": 13624
                },
                "502 Bad Gateway": {
                    "name": "502 Bad Gateway",
                    "path": "::502 Bad Gateway",
                    "id": "712cb0ec189a11f31f0d6d0c0031b569",
                    "passes": 0,
                    "fails": 13624
                },
                "503 Service Unavailable": {
                    "name": "503 Service Unavailable",
                    "path": "::503 Service Unavailable",
                    "id": "f1ea1a22be0dc738c385523a66ea1cd9",
                    "passes": 0,
                    "fails": 13624
                },
                "504 Gateway Timeout": {
                    "name": "504 Gateway Timeout",
                    "path": "::504 Gateway Timeout",
                    "id": "218efb729cb654723ccd57c6ebbebe29",
                    "passes": 0,
                    "fails": 13624
                }
            }
    }
}