{
    "metrics": {
        "http_reqs": {
            "count": 12617,
            "rate": 20.84303590255902
        },
        "iteration_duration": {
            "p(95)": 7825.17554,
            "avg": 7351.514122406269,
            "min": 6771.2583,
            "med": 7392.0837,
            "max": 9169.5545,
            "p(90)": 7722.04722
        },
        "http_req_tls_handshaking": {
            "med": 0,
            "max": 6.6283,
            "p(90)": 0,
            "p(95)": 0,
            "avg": 0.012344360783070458,
            "min": 0
        },
        "iterations": {
            "count": 1147,
            "rate": 1.8948214456871837
        },
        "http_req_duration{expected_response:true}": {
            "avg": 121.47104891812602,
            "min": 24.4557,
            "med": 61.7706,
            "max": 874.9963,
            "p(90)": 325.3647199999999,
            "p(95)": 429.8651199999998
        },
        "http_req_connecting": {
            "avg": 0.007668193706903383,
            "min": 0,
            "med": 0,
            "max": 3.8937,
            "p(90)": 0,
            "p(95)": 0
        },
        "data_sent": {
            "count": 2687128,
            "rate": 4439.082617006548
        },
        "http_req_sending": {
            "avg": 0.04499755884917178,
            "min": 0,
            "med": 0,
            "max": 4.12,
            "p(90)": 0.20263999999999996,
            "p(95)": 0.27333999999999975
        },
        "dropped_iterations": {
            "count": 3053,
            "rate": 5.0434959665936985
        },
        "http_req_failed": {
            "passes": 0,
            "fails": 12617,
            "value": 0
        },
        "http_req_duration": {
            "med": 61.7706,
            "max": 874.9963,
            "p(90)": 325.3647199999999,
            "p(95)": 429.8651199999998,
            "avg": 121.47104891812602,
            "min": 24.4557
        },
        "http_req_blocked": {
            "p(90)": 0,
            "p(95)": 0,
            "avg": 1.0991862566378694,
            "min": 0,
            "med": 0,
            "max": 1253.7752
        },
        "data_received": {
            "rate": 1290255.8776759098,
            "count": 781035857
        },
        "vus": {
            "value": 1,
            "min": 1,
            "max": 14
        },
        "http_req_waiting": {
            "max": 874.4735,
            "p(90)": 320.36236,
            "p(95)": 425.3377999999999,
            "avg": 119.8068265118485,
            "min": 24.4557,
            "med": 61.5054
        },
        "http_req_receiving": {
            "avg": 1.619224847428072,
            "min": 0,
            "med": 0,
            "max": 32.5392,
            "p(90)": 3.2322800000000003,
            "p(95)": 15.014179999999998
        },
        "checks": {
            "passes": 12617,
            "fails": 151404,
            "value": 0.07692307692307693
        },
        "vus_max": {
            "max": 14,
            "value": 14,
            "min": 14
        }
    },
    "root_group": {
        "id": "d41d8cd98f00b204e9800998ecf8427e",
        "groups": {},
        "checks": {
                "200 OK": {
                    "fails": 1147,
                    "name": "200 OK",
                    "path": "::200 OK",
                    "id": "e9654c443eff553da9e69eda7007924e",
                    "passes": 11470
                },
                "201 Created": {
                    "fails": 12617,
                    "name": "201 Created",
                    "path": "::201 Created",
                    "id": "728dcd977aae263ca314731145e1d447",
                    "passes": 0
                },
                "204 No Content": {
                    "name": "204 No Content",
                    "path": "::204 No Content",
                    "id": "54fa3c2eda34e1622fda2da5e0479fc5",
                    "passes": 1147,
                    "fails": 11470
                },
                "400 Bad Request": {
                    "name": "400 Bad Request",
                    "path": "::400 Bad Request",
                    "id": "eeae81934b9b58bccaf0184a6d070338",
                    "passes": 0,
                    "fails": 12617
                },
                "401 Unauthorized": {
                    "path": "::401 Unauthorized",
                    "id": "6ae9254e6aefe7f0bafe5102fa7e20a5",
                    "passes": 0,
                    "fails": 12617,
                    "name": "401 Unauthorized"
                },
                "403 Forbidden": {
                    "id": "655548b761742c5a7ad15aa7df3a5d9c",
                    "passes": 0,
                    "fails": 12617,
                    "name": "403 Forbidden",
                    "path": "::403 Forbidden"
                },
                "404 Not Found": {
                    "fails": 12617,
                    "name": "404 Not Found",
                    "path": "::404 Not Found",
                    "id": "df1528f9925ca236bac51008f77b774a",
                    "passes": 0
                },
                "422 Unprocessable Content": {
                    "name": "422 Unprocessable Content",
                    "path": "::422 Unprocessable Content",
                    "id": "d94c37ab64a32602add978a71bd22822",
                    "passes": 0,
                    "fails": 12617
                },
                "429 Too Many Requests": {
                    "name": "429 Too Many Requests",
                    "path": "::429 Too Many Requests",
                    "id": "b810c35b9499cc7342fd415032e3a6aa",
                    "passes": 0,
                    "fails": 12617
                },
                "500 Internal Server Error": {
                    "name": "500 Internal Server Error",
                    "path": "::500 Internal Server Error",
                    "id": "3cd96245b24e869810efe46d533b0eef",
                    "passes": 0,
                    "fails": 12617
                },
                "502 Bad Gateway": {
                    "name": "502 Bad Gateway",
                    "path": "::502 Bad Gateway",
                    "id": "712cb0ec189a11f31f0d6d0c0031b569",
                    "passes": 0,
                    "fails": 12617
                },
                "503 Service Unavailable": {
                    "name": "503 Service Unavailable",
                    "path": "::503 Service Unavailable",
                    "id": "f1ea1a22be0dc738c385523a66ea1cd9",
                    "passes": 0,
                    "fails": 12617
                },
                "504 Gateway Timeout": {
                    "passes": 0,
                    "fails": 12617,
                    "name": "504 Gateway Timeout",
                    "path": "::504 Gateway Timeout",
                    "id": "218efb729cb654723ccd57c6ebbebe29"
                }
            },
        "name": "",
        "path": ""
    }
}