{
    "metrics": {
        "http_req_waiting": {
            "p(95)": 17831.7788,
            "avg": 10696.096384055447,
            "min": 116.5844,
            "med": 13514.7957,
            "max": 20725.454,
            "p(90)": 16888.76264
        },
        "data_sent": {
            "count": 1224918,
            "rate": 3793.4897206886294
        },
        "http_req_duration{expected_response:true}": {
            "p(95)": 17833.15852,
            "avg": 10696.836012093212,
            "min": 117.6308,
            "med": 13514.7957,
            "max": 20725.454,
            "p(90)": 16888.76264
        },
        "http_req_connecting": {
            "p(95)": 3.5449,
            "avg": 0.4958994415559408,
            "min": 0,
            "med": 0,
            "max": 10.0008,
            "p(90)": 3.3777000000000004
        },
        "http_req_failed": {
            "passes": 0,
            "fails": 5193,
            "thresholds": {
                "rate<0.01": false
            },
            "value": 0
        },
        "http_req_tls_handshaking": {
            "p(95)": 4.59928,
            "avg": 0.6468203543231273,
            "min": 0,
            "med": 0,
            "max": 17.2404,
            "p(90)": 4.3133
        },
        "http_req_duration": {
            "med": 13514.7957,
            "max": 20725.454,
            "p(90)": 16888.76264,
            "p(95)": 17833.15852,
            "avg": 10696.836012093212,
            "min": 117.6308,
            "thresholds": {
                "p(95)<1000": true
            }
        },
        "http_req_sending": {
            "max": 2.0476,
            "p(90)": 0.53728,
            "p(95)": 0.5514399999999999,
            "avg": 0.09486967071057203,
            "min": 0,
            "med": 0
        },
        "http_req_receiving": {
            "p(95)": 5.568639999999999,
            "avg": 0.6447583670325442,
            "min": 0,
            "med": 0,
            "max": 51.9316,
            "p(90)": 2.74366
        },
        "data_received": {
            "count": 44645832,
            "rate": 138265.17755767444
        },
        "iteration_duration": {
            "min": 6946.8913,
            "med": 129543.03455,
            "max": 155935.955,
            "p(90)": 149234.369,
            "p(95)": 150863.322375,
            "avg": 110646.39080412844
        },
        "http_req_blocked": {
            "min": 0,
            "med": 0,
            "max": 27.2412,
            "p(90)": 7.86688,
            "p(95)": 8.317739999999999,
            "avg": 1.1656332177931845
        },
        "iterations": {
            "count": 436,
            "rate": 1.350263052890269
        },
        "http_reqs": {
            "count": 5193,
            "rate": 16.082376223988913
        },
        "checks": {
            "passes": 5193,
            "fails": 62316,
            "value": 0.07692307692307693
        },
        "vus": {
            "value": 3,
            "min": 2,
            "max": 250
        },
        "vus_max": {
            "value": 250,
            "min": 250,
            "max": 250
        }
    },
    "root_group": {
        "groups": {},
        "checks": {
                "200 OK": {
                    "path": "::200 OK",
                    "id": "e9654c443eff553da9e69eda7007924e",
                    "passes": 5193,
                    "fails": 0,
                    "name": "200 OK"
                },
                "201 Created": {
                    "name": "201 Created",
                    "path": "::201 Created",
                    "id": "728dcd977aae263ca314731145e1d447",
                    "passes": 0,
                    "fails": 5193
                },
                "204 No Content": {
                    "name": "204 No Content",
                    "path": "::204 No Content",
                    "id": "54fa3c2eda34e1622fda2da5e0479fc5",
                    "passes": 0,
                    "fails": 5193
                },
                "400 Bad Request": {
                    "name": "400 Bad Request",
                    "path": "::400 Bad Request",
                    "id": "eeae81934b9b58bccaf0184a6d070338",
                    "passes": 0,
                    "fails": 5193
                },
                "401 Unauthorized": {
                    "path": "::401 Unauthorized",
                    "id": "6ae9254e6aefe7f0bafe5102fa7e20a5",
                    "passes": 0,
                    "fails": 5193,
                    "name": "401 Unauthorized"
                },
                "403 Forbidden": {
                    "name": "403 Forbidden",
                    "path": "::403 Forbidden",
                    "id": "655548b761742c5a7ad15aa7df3a5d9c",
                    "passes": 0,
                    "fails": 5193
                },
                "404 Not Found": {
                    "path": "::404 Not Found",
                    "id": "df1528f9925ca236bac51008f77b774a",
                    "passes": 0,
                    "fails": 5193,
                    "name": "404 Not Found"
                },
                "422 Unprocessable Content": {
                    "path": "::422 Unprocessable Content",
                    "id": "d94c37ab64a32602add978a71bd22822",
                    "passes": 0,
                    "fails": 5193,
                    "name": "422 Unprocessable Content"
                },
                "429 Too Many Requests": {
                    "name": "429 Too Many Requests",
                    "path": "::429 Too Many Requests",
                    "id": "b810c35b9499cc7342fd415032e3a6aa",
                    "passes": 0,
                    "fails": 5193
                },
                "500 Internal Server Error": {
                    "passes": 0,
                    "fails": 5193,
                    "name": "500 Internal Server Error",
                    "path": "::500 Internal Server Error",
                    "id": "3cd96245b24e869810efe46d533b0eef"
                },
                "502 Bad Gateway": {
                    "passes": 0,
                    "fails": 5193,
                    "name": "502 Bad Gateway",
                    "path": "::502 Bad Gateway",
                    "id": "712cb0ec189a11f31f0d6d0c0031b569"
                },
                "503 Service Unavailable": {
                    "name": "503 Service Unavailable",
                    "path": "::503 Service Unavailable",
                    "id": "f1ea1a22be0dc738c385523a66ea1cd9",
                    "passes": 0,
                    "fails": 5193
                },
                "504 Gateway Timeout": {
                    "fails": 5193,
                    "name": "504 Gateway Timeout",
                    "path": "::504 Gateway Timeout",
                    "id": "218efb729cb654723ccd57c6ebbebe29",
                    "passes": 0
                }
            },
        "name": "",
        "path": "",
        "id": "d41d8cd98f00b204e9800998ecf8427e"
    }
}