{
    "metrics": {
        "http_req_blocked": {
            "avg": 16.8667,
            "min": 16.8667,
            "med": 16.8667,
            "max": 16.8667,
            "p(90)": 16.8667,
            "p(95)": 16.8667
        },
        "vus_max": {
            "value": 1,
            "min": 1,
            "max": 1
        },
        "checks": {
            "passes": 1,
            "fails": 12,
            "value": 0.07692307692307693
        },
        "http_req_connecting": {
            "min": 4.0504,
            "med": 4.0504,
            "max": 4.0504,
            "p(90)": 4.0504,
            "p(95)": 4.0504,
            "avg": 4.0504
        },
        "data_sent": {
            "count": 1896,
            "rate": 1610.7052773789953
        },
        "http_req_sending": {
            "p(90)": 0,
            "p(95)": 0,
            "avg": 0,
            "min": 0,
            "med": 0,
            "max": 0
        },
        "http_req_failed": {
            "passes": 0,
            "fails": 1,
            "value": 0
        },
        "http_req_duration{expected_response:true}": {
            "p(95)": 158.281,
            "avg": 158.281,
            "min": 158.281,
            "med": 158.281,
            "max": 158.281,
            "p(90)": 158.281
        },
        "iteration_duration": {
            "min": 1177.1041,
            "med": 1177.1041,
            "max": 1177.1041,
            "p(90)": 1177.1041,
            "p(95)": 1177.1041,
            "avg": 1177.1041
        },
        "iterations": {
            "count": 1,
            "rate": 0.8495280998834364
        },
        "http_req_duration": {
            "p(95)": 158.281,
            "avg": 158.281,
            "min": 158.281,
            "med": 158.281,
            "max": 158.281,
            "p(90)": 158.281
        },
        "http_req_waiting": {
            "avg": 158.281,
            "min": 158.281,
            "med": 158.281,
            "max": 158.281,
            "p(90)": 158.281,
            "p(95)": 158.281
        },
        "http_req_tls_handshaking": {
            "avg": 4.822,
            "min": 4.822,
            "med": 4.822,
            "max": 4.822,
            "p(90)": 4.822,
            "p(95)": 4.822
        },
        "vus": {
            "value": 1,
            "min": 1,
            "max": 1
        },
        "http_req_receiving": {
            "med": 0,
            "max": 0,
            "p(90)": 0,
            "p(95)": 0,
            "avg": 0,
            "min": 0
        },
        "http_reqs": {
            "count": 1,
            "rate": 0.8495280998834364
        },
        "data_received": {
            "count": 2949,
            "rate": 2505.258366556254
        }
    },
    "root_group": {
        "name": "",
        "path": "",
        "id": "d41d8cd98f00b204e9800998ecf8427e",
        "groups": {},
        "checks": {
                "200 OK": {
                    "name": "200 OK",
                    "path": "::200 OK",
                    "id": "e9654c443eff553da9e69eda7007924e",
                    "passes": 0,
                    "fails": 1
                },
                "201 Created": {
                    "name": "201 Created",
                    "path": "::201 Created",
                    "id": "728dcd977aae263ca314731145e1d447",
                    "passes": 0,
                    "fails": 1
                },
                "204 No Content": {
                    "path": "::204 No Content",
                    "id": "54fa3c2eda34e1622fda2da5e0479fc5",
                    "passes": 1,
                    "fails": 0,
                    "name": "204 No Content"
                },
                "400 Bad Request": {
                    "path": "::400 Bad Request",
                    "id": "eeae81934b9b58bccaf0184a6d070338",
                    "passes": 0,
                    "fails": 1,
                    "name": "400 Bad Request"
                },
                "401 Unauthorized": {
                    "name": "401 Unauthorized",
                    "path": "::401 Unauthorized",
                    "id": "6ae9254e6aefe7f0bafe5102fa7e20a5",
                    "passes": 0,
                    "fails": 1
                },
                "403 Forbidden": {
                    "name": "403 Forbidden",
                    "path": "::403 Forbidden",
                    "id": "655548b761742c5a7ad15aa7df3a5d9c",
                    "passes": 0,
                    "fails": 1
                },
                "404 Not Found": {
                    "name": "404 Not Found",
                    "path": "::404 Not Found",
                    "id": "df1528f9925ca236bac51008f77b774a",
                    "passes": 0,
                    "fails": 1
                },
                "422 Unprocessable Content": {
                    "name": "422 Unprocessable Content",
                    "path": "::422 Unprocessable Content",
                    "id": "d94c37ab64a32602add978a71bd22822",
                    "passes": 0,
                    "fails": 1
                },
                "429 Too Many Requests": {
                    "passes": 0,
                    "fails": 1,
                    "name": "429 Too Many Requests",
                    "path": "::429 Too Many Requests",
                    "id": "b810c35b9499cc7342fd415032e3a6aa"
                },
                "500 Internal Server Error": {
                    "name": "500 Internal Server Error",
                    "path": "::500 Internal Server Error",
                    "id": "3cd96245b24e869810efe46d533b0eef",
                    "passes": 0,
                    "fails": 1
                },
                "502 Bad Gateway": {
                    "fails": 1,
                    "name": "502 Bad Gateway",
                    "path": "::502 Bad Gateway",
                    "id": "712cb0ec189a11f31f0d6d0c0031b569",
                    "passes": 0
                },
                "503 Service Unavailable": {
                    "fails": 1,
                    "name": "503 Service Unavailable",
                    "path": "::503 Service Unavailable",
                    "id": "f1ea1a22be0dc738c385523a66ea1cd9",
                    "passes": 0
                },
                "504 Gateway Timeout": {
                    "name": "504 Gateway Timeout",
                    "path": "::504 Gateway Timeout",
                    "id": "218efb729cb654723ccd57c6ebbebe29",
                    "passes": 0,
                    "fails": 1
                }
            }
    }
}