{
    "metrics": {
        "http_req_waiting": {
            "p(90)": 2349.1934700000006,
            "p(95)": 2800.0088849999993,
            "avg": 976.87265,
            "min": 187.2379,
            "med": 234.7142,
            "max": 3250.8243
        },
        "data_received": {
            "count": 1697163,
            "rate": 211055.20889132353
        },
        "http_reqs": {
            "count": 4,
            "rate": 0.49743061542426636
        },
        "http_req_tls_handshaking": {
            "p(95)": 6.482449999999999,
            "avg": 2.9726,
            "min": 0,
            "med": 2.58885,
            "max": 6.7127,
            "p(90)": 6.2522
        },
        "http_req_duration": {
            "avg": 983.333025,
            "min": 187.2379,
            "med": 235.25735,
            "max": 3275.5795,
            "p(90)": 2366.6886700000005,
            "p(95)": 2821.134084999999
        },
        "http_req_duration{expected_response:true}": {
            "avg": 983.333025,
            "min": 187.2379,
            "med": 235.25735,
            "max": 3275.5795,
            "p(90)": 2366.6886700000005,
            "p(95)": 2821.134084999999
        },
        "http_req_blocked": {
            "min": 0,
            "med": 5.13445,
            "max": 95.8019,
            "p(90)": 70.14200000000001,
            "p(95)": 82.97194999999998,
            "avg": 26.5177
        },
        "vus_max": {
            "value": 1,
            "min": 1,
            "max": 1
        },
        "data_sent": {
            "count": 7215,
            "rate": 897.2404725715204
        },
        "http_req_failed": {
            "fails": 4,
            "passes": 0,
            "value": 0
        },
        "vus": {
            "min": 1,
            "max": 1,
            "value": 1
        },
        "http_req_receiving": {
            "p(90)": 17.328640000000004,
            "p(95)": 21.04191999999999,
            "avg": 6.1888,
            "min": 0,
            "med": 0,
            "max": 24.7552
        },
        "iteration_duration": {
            "avg": 8041.184,
            "min": 8041.184,
            "med": 8041.184,
            "max": 8041.184,
            "p(90)": 8041.184,
            "p(95)": 8041.184
        },
        "iterations": {
            "count": 1,
            "rate": 0.12435765385606659
        },
        "http_req_connecting": {
            "avg": 1.866725,
            "min": 0,
            "med": 1.6904,
            "max": 4.0861,
            "p(90)": 3.87451,
            "p(95)": 3.9803049999999995
        },
        "http_req_sending": {
            "min": 0,
            "med": 0.26555,
            "max": 0.5552,
            "p(90)": 0.5479700000000001,
            "p(95)": 0.551585,
            "avg": 0.271575
        },
        "checks": {
            "passes": 4,
            "fails": 48,
            "value": 0.07692307692307693
        }
    },
    "root_group": {
        "name": "",
        "path": "",
        "id": "d41d8cd98f00b204e9800998ecf8427e",
        "groups": {},
        "checks": {
                "200 OK": {
                    "passes": 2,
                    "fails": 2,
                    "name": "200 OK",
                    "path": "::200 OK",
                    "id": "e9654c443eff553da9e69eda7007924e"
                },
                "201 Created": {
                    "path": "::201 Created",
                    "id": "728dcd977aae263ca314731145e1d447",
                    "passes": 2,
                    "fails": 2,
                    "name": "201 Created"
                },
                "204 No Content": {
                    "name": "204 No Content",
                    "path": "::204 No Content",
                    "id": "54fa3c2eda34e1622fda2da5e0479fc5",
                    "passes": 0,
                    "fails": 4
                },
                "400 Bad Request": {
                    "name": "400 Bad Request",
                    "path": "::400 Bad Request",
                    "id": "eeae81934b9b58bccaf0184a6d070338",
                    "passes": 0,
                    "fails": 4
                },
                "401 Unauthorized": {
                    "name": "401 Unauthorized",
                    "path": "::401 Unauthorized",
                    "id": "6ae9254e6aefe7f0bafe5102fa7e20a5",
                    "passes": 0,
                    "fails": 4
                },
                "403 Forbidden": {
                    "id": "655548b761742c5a7ad15aa7df3a5d9c",
                    "passes": 0,
                    "fails": 4,
                    "name": "403 Forbidden",
                    "path": "::403 Forbidden"
                },
                "404 Not Found": {
                    "passes": 0,
                    "fails": 4,
                    "name": "404 Not Found",
                    "path": "::404 Not Found",
                    "id": "df1528f9925ca236bac51008f77b774a"
                },
                "422 Unprocessable Content": {
                    "passes": 0,
                    "fails": 4,
                    "name": "422 Unprocessable Content",
                    "path": "::422 Unprocessable Content",
                    "id": "d94c37ab64a32602add978a71bd22822"
                },
                "429 Too Many Requests": {
                    "name": "429 Too Many Requests",
                    "path": "::429 Too Many Requests",
                    "id": "b810c35b9499cc7342fd415032e3a6aa",
                    "passes": 0,
                    "fails": 4
                },
                "500 Internal Server Error": {
                    "id": "3cd96245b24e869810efe46d533b0eef",
                    "passes": 0,
                    "fails": 4,
                    "name": "500 Internal Server Error",
                    "path": "::500 Internal Server Error"
                },
                "502 Bad Gateway": {
                    "fails": 4,
                    "name": "502 Bad Gateway",
                    "path": "::502 Bad Gateway",
                    "id": "712cb0ec189a11f31f0d6d0c0031b569",
                    "passes": 0
                },
                "503 Service Unavailable": {
                    "name": "503 Service Unavailable",
                    "path": "::503 Service Unavailable",
                    "id": "f1ea1a22be0dc738c385523a66ea1cd9",
                    "passes": 0,
                    "fails": 4
                },
                "504 Gateway Timeout": {
                    "name": "504 Gateway Timeout",
                    "path": "::504 Gateway Timeout",
                    "id": "218efb729cb654723ccd57c6ebbebe29",
                    "passes": 0,
                    "fails": 4
                }
            }
    }
}