{
    "metrics": {
        "http_req_sending": {
            "p(90)": 0.55831,
            "p(95)": 0.5627449999999999,
            "avg": 0.20652999999999996,
            "min": 0,
            "med": 0,
            "max": 0.6074
        },
        "http_reqs": {
            "count": 40,
            "rate": 1.8255311243609578
        },
        "http_req_receiving": {
            "med": 0,
            "max": 29.0265,
            "p(90)": 24.8975,
            "p(95)": 26.527524999999997,
            "avg": 6.27072,
            "min": 0
        },
        "http_req_duration{expected_response:true}": {
            "med": 495.90975,
            "max": 16172.646,
            "p(90)": 12924.738560000002,
            "p(95)": 13908.149179999997,
            "avg": 3443.627225,
            "min": 41.0212
        },
        "http_req_blocked": {
            "med": 4.06265,
            "max": 13.7922,
            "p(90)": 12.44776,
            "p(95)": 13.039945,
            "avg": 5.36284,
            "min": 0
        },
        "checks": {
            "passes": 40,
            "fails": 480,
            "value": 0.07692307692307693
        },
        "http_req_duration": {
            "p(95)": 13908.149179999997,
            "avg": 3443.627225,
            "min": 41.0212,
            "med": 495.90975,
            "max": 16172.646,
            "p(90)": 12924.738560000002
        },
        "http_req_tls_handshaking": {
            "med": 2.0757,
            "max": 6.8154,
            "p(90)": 5.4637,
            "p(95)": 5.502739999999998,
            "avg": 2.5092649999999996,
            "min": 0
        },
        "http_req_connecting": {
            "avg": 1.8322949999999996,
            "min": 0,
            "med": 1.69265,
            "max": 4.856,
            "p(90)": 3.7422,
            "p(95)": 4.243194999999999
        },
        "http_req_waiting": {
            "med": 495.63429999999994,
            "max": 16147.9549,
            "p(90)": 12900.02563,
            "p(95)": 13884.564939999997,
            "avg": 3437.1499749999994,
            "min": 40.4576
        },
        "iterations": {
            "rate": 0.45638278109023944,
            "count": 10
        },
        "vus": {
            "value": 1,
            "min": 1,
            "max": 10
        },
        "iteration_duration": {
            "min": 17506.1842,
            "med": 18121.218,
            "max": 21909.9308,
            "p(90)": 20914.36016,
            "p(95)": 21412.14548,
            "avg": 18798.0122
        },
        "http_req_failed": {
            "fails": 40,
            "passes": 0,
            "value": 0
        },
        "data_received": {
            "count": 17116924,
            "rate": 781186.9378830267
        },
        "vus_max": {
            "value": 10,
            "min": 10,
            "max": 10
        },
        "data_sent": {
            "count": 77896,
            "rate": 3555.0393115805296
        }
    },
    "root_group": {
        "name": "",
        "path": "",
        "id": "d41d8cd98f00b204e9800998ecf8427e",
        "groups": {},
        "checks": {
                "200 OK": {
                    "name": "200 OK",
                    "path": "::200 OK",
                    "id": "e9654c443eff553da9e69eda7007924e",
                    "passes": 20,
                    "fails": 20
                },
                "201 Created": {
                    "name": "201 Created",
                    "path": "::201 Created",
                    "id": "728dcd977aae263ca314731145e1d447",
                    "passes": 20,
                    "fails": 20
                },
                "204 No Content": {
                    "fails": 40,
                    "name": "204 No Content",
                    "path": "::204 No Content",
                    "id": "54fa3c2eda34e1622fda2da5e0479fc5",
                    "passes": 0
                },
                "400 Bad Request": {
                    "fails": 40,
                    "name": "400 Bad Request",
                    "path": "::400 Bad Request",
                    "id": "eeae81934b9b58bccaf0184a6d070338",
                    "passes": 0
                },
                "401 Unauthorized": {
                    "passes": 0,
                    "fails": 40,
                    "name": "401 Unauthorized",
                    "path": "::401 Unauthorized",
                    "id": "6ae9254e6aefe7f0bafe5102fa7e20a5"
                },
                "403 Forbidden": {
                    "name": "403 Forbidden",
                    "path": "::403 Forbidden",
                    "id": "655548b761742c5a7ad15aa7df3a5d9c",
                    "passes": 0,
                    "fails": 40
                },
                "404 Not Found": {
                    "name": "404 Not Found",
                    "path": "::404 Not Found",
                    "id": "df1528f9925ca236bac51008f77b774a",
                    "passes": 0,
                    "fails": 40
                },
                "422 Unprocessable Content": {
                    "path": "::422 Unprocessable Content",
                    "id": "d94c37ab64a32602add978a71bd22822",
                    "passes": 0,
                    "fails": 40,
                    "name": "422 Unprocessable Content"
                },
                "429 Too Many Requests": {
                    "fails": 40,
                    "name": "429 Too Many Requests",
                    "path": "::429 Too Many Requests",
                    "id": "b810c35b9499cc7342fd415032e3a6aa",
                    "passes": 0
                },
                "500 Internal Server Error": {
                    "name": "500 Internal Server Error",
                    "path": "::500 Internal Server Error",
                    "id": "3cd96245b24e869810efe46d533b0eef",
                    "passes": 0,
                    "fails": 40
                },
                "502 Bad Gateway": {
                    "path": "::502 Bad Gateway",
                    "id": "712cb0ec189a11f31f0d6d0c0031b569",
                    "passes": 0,
                    "fails": 40,
                    "name": "502 Bad Gateway"
                },
                "503 Service Unavailable": {
                    "passes": 0,
                    "fails": 40,
                    "name": "503 Service Unavailable",
                    "path": "::503 Service Unavailable",
                    "id": "f1ea1a22be0dc738c385523a66ea1cd9"
                },
                "504 Gateway Timeout": {
                    "fails": 40,
                    "name": "504 Gateway Timeout",
                    "path": "::504 Gateway Timeout",
                    "id": "218efb729cb654723ccd57c6ebbebe29",
                    "passes": 0
                }
            }
    }
}