{
    "metrics": {
        "http_req_waiting": {
            "med": 90.60155,
            "max": 127.2406,
            "p(90)": 126.57343,
            "p(95)": 126.907015,
            "avg": 92.27635,
            "min": 49.2958
        },
        "vus_max": {
            "value": 10,
            "min": 10,
            "max": 10
        },
        "data_received": {
            "count": 35043,
            "rate": 30610.760805333015
        },
        "http_req_receiving": {
            "p(90)": 0.09184999999999967,
            "p(95)": 0.505174999999999,
            "avg": 0.09185,
            "min": 0,
            "med": 0,
            "max": 0.9185
        },
        "http_req_connecting": {
            "avg": 3.79604,
            "min": 2.9974,
            "med": 3.9956,
            "max": 4.9946,
            "p(90)": 4.0954999999999995,
            "p(95)": 4.545049999999999
        },
        "http_req_failed": {
            "passes": 0,
            "fails": 10,
            "value": 0
        },
        "iterations": {
            "count": 10,
            "rate": 8.73519984171818
        },
        "http_req_tls_handshaking": {
            "avg": 6.500090000000002,
            "min": 3.9999,
            "med": 6.5018,
            "max": 8.9944,
            "p(90)": 7.200699999999999,
            "p(95)": 8.097549999999998
        },
        "vus": {
            "value": 10,
            "min": 10,
            "max": 10
        },
        "checks": {
            "passes": 10,
            "fails": 120,
            "value": 0.07692307692307693
        },
        "data_sent": {
            "count": 27460,
            "rate": 23986.85876535812
        },
        "iteration_duration": {
            "max": 1144.7738,
            "p(90)": 1140.9186499999998,
            "p(95)": 1142.846225,
            "avg": 1105.8262,
            "min": 1061.7165,
            "med": 1105.39035
        },
        "http_req_sending": {
            "p(90)": 0.9994299999999999,
            "p(95)": 1.000465,
            "avg": 0.20007000000000003,
            "min": 0,
            "med": 0,
            "max": 1.0015
        },
        "http_req_duration": {
            "p(95)": 126.907015,
            "avg": 92.56827,
            "min": 49.2958,
            "med": 91.5604,
            "max": 127.2406,
            "p(90)": 126.57343
        },
        "http_reqs": {
            "count": 10,
            "rate": 8.73519984171818
        },
        "http_req_duration{expected_response:true}": {
            "avg": 92.56827,
            "min": 49.2958,
            "med": 91.5604,
            "max": 127.2406,
            "p(90)": 126.57343,
            "p(95)": 126.907015
        },
        "http_req_blocked": {
            "med": 11.499199999999998,
            "max": 15.9955,
            "p(90)": 12.398469999999998,
            "p(95)": 14.196984999999994,
            "avg": 11.49855,
            "min": 9.9988
        }
    },
    "root_group": {
        "name": "",
        "path": "",
        "id": "d41d8cd98f00b204e9800998ecf8427e",
        "groups": {},
        "checks": {
                "200 OK": {
                    "id": "e9654c443eff553da9e69eda7007924e",
                    "passes": 0,
                    "fails": 10,
                    "name": "200 OK",
                    "path": "::200 OK"
                },
                "201 Created": {
                    "passes": 10,
                    "fails": 0,
                    "name": "201 Created",
                    "path": "::201 Created",
                    "id": "728dcd977aae263ca314731145e1d447"
                },
                "204 No Content": {
                    "passes": 0,
                    "fails": 10,
                    "name": "204 No Content",
                    "path": "::204 No Content",
                    "id": "54fa3c2eda34e1622fda2da5e0479fc5"
                },
                "400 Bad Request": {
                    "name": "400 Bad Request",
                    "path": "::400 Bad Request",
                    "id": "eeae81934b9b58bccaf0184a6d070338",
                    "passes": 0,
                    "fails": 10
                },
                "401 Unauthorized": {
                    "name": "401 Unauthorized",
                    "path": "::401 Unauthorized",
                    "id": "6ae9254e6aefe7f0bafe5102fa7e20a5",
                    "passes": 0,
                    "fails": 10
                },
                "403 Forbidden": {
                    "passes": 0,
                    "fails": 10,
                    "name": "403 Forbidden",
                    "path": "::403 Forbidden",
                    "id": "655548b761742c5a7ad15aa7df3a5d9c"
                },
                "404 Not Found": {
                    "name": "404 Not Found",
                    "path": "::404 Not Found",
                    "id": "df1528f9925ca236bac51008f77b774a",
                    "passes": 0,
                    "fails": 10
                },
                "422 Unprocessable Content": {
                    "fails": 10,
                    "name": "422 Unprocessable Content",
                    "path": "::422 Unprocessable Content",
                    "id": "d94c37ab64a32602add978a71bd22822",
                    "passes": 0
                },
                "429 Too Many Requests": {
                    "id": "b810c35b9499cc7342fd415032e3a6aa",
                    "passes": 0,
                    "fails": 10,
                    "name": "429 Too Many Requests",
                    "path": "::429 Too Many Requests"
                },
                "500 Internal Server Error": {
                    "id": "3cd96245b24e869810efe46d533b0eef",
                    "passes": 0,
                    "fails": 10,
                    "name": "500 Internal Server Error",
                    "path": "::500 Internal Server Error"
                },
                "502 Bad Gateway": {
                    "id": "712cb0ec189a11f31f0d6d0c0031b569",
                    "passes": 0,
                    "fails": 10,
                    "name": "502 Bad Gateway",
                    "path": "::502 Bad Gateway"
                },
                "503 Service Unavailable": {
                    "path": "::503 Service Unavailable",
                    "id": "f1ea1a22be0dc738c385523a66ea1cd9",
                    "passes": 0,
                    "fails": 10,
                    "name": "503 Service Unavailable"
                },
                "504 Gateway Timeout": {
                    "name": "504 Gateway Timeout",
                    "path": "::504 Gateway Timeout",
                    "id": "218efb729cb654723ccd57c6ebbebe29",
                    "passes": 0,
                    "fails": 10
                }
            }
    }
}