{
    "root_group": {
        "checks": {},
        "name": "",
        "path": "",
        "id": "d41d8cd98f00b204e9800998ecf8427e",
        "groups": {}
    },
    "metrics": {
        "http_req_duration{expected_response:true}": {
            "p(90)": 29089.9215,
            "p(95)": 29177.479785,
            "avg": 17525.91127083333,
            "min": 6291.019,
            "med": 17848.35485,
            "max": 29274.5928
        },
        "http_req_receiving": {
            "max": 33.4835,
            "p(90)": 30.286479999999997,
            "p(95)": 30.92426,
            "avg": 24.370387499999996,
            "min": 17.941,
            "med": 23.8004
        },
        "http_reqs": {
            "count": 24,
            "rate": 0.6507669337121317
        },
        "http_req_tls_handshaking": {
            "p(95)": 5.501169999999999,
            "avg": 4.800795833333334,
            "min": 4.2565,
            "med": 4.74475,
            "max": 6.085,
            "p(90)": 5.38481
        },
        "iterations": {
            "count": 24,
            "rate": 0.6507669337121317
        },
        "data_received": {
            "count": 41267798,
            "rate": 1118988.2652296517
        },
        "iteration_duration": {
            "avg": 17536.387637499996,
            "min": 6300.0709,
            "med": 17856.13065,
            "max": 29283.285,
            "p(90)": 29097.67518,
            "p(95)": 29187.39876
        },
        "http_req_blocked": {
            "p(95)": 10.649359999999998,
            "avg": 10.745683333333332,
            "min": 8.0083,
            "med": 8.5788,
            "max": 57.1202,
            "p(90)": 9.6343
        },
        "data_sent": {
            "count": 353684,
            "rate": 9590.243840960067
        },
        "http_req_connecting": {
            "p(90)": 4.10722,
            "p(95)": 4.807839999999998,
            "avg": 3.819725,
            "min": 2.8932,
            "med": 3.7017499999999997,
            "max": 6.0009
        },
        "http_req_waiting": {
            "min": 6268.0163,
            "med": 17828.697,
            "max": 29249.6142,
            "p(90)": 29065.79218,
            "p(95)": 29156.209619999998,
            "avg": 17501.04055833333
        },
        "http_req_sending": {
            "p(90)": 0.56027,
            "p(95)": 0.56472,
            "avg": 0.500325,
            "min": 0,
            "med": 0.5435,
            "max": 0.5669
        },
        "http_req_duration": {
            "p(90)": 29089.9215,
            "p(95)": 29177.479785,
            "avg": 17525.91127083333,
            "min": 6291.019,
            "med": 17848.35485,
            "max": 29274.5928,
            "thresholds": {
                "p(95)<1000": true
            }
        },
        "http_req_failed": {
            "passes": 0,
            "fails": 24,
            "thresholds": {
                "rate<0.01": false
            },
            "value": 0
        },
        "vus": {
            "value": 153,
            "min": 3,
            "max": 153
        },
        "vus_max": {
            "max": 500,
            "value": 500,
            "min": 500
        }
    }
}